prediction,target
0.48386016,1
0.0020913978,0
3.5384248e-05,0
0.00013305868,0
6.512169e-05,0
0.0005644673,0
0.07830837,0
5.8864283e-05,0
0.00042393184,0
3.6361285e-05,0
0.16424973,0
0.00023865864,0
0.064964876,0
0.028372444,0
0.00052609685,0
0.010419252,0
0.0022646603,0
0.0710361,0
0.0005921941,0
0.0001588286,0
0.00016205864,0
0.018025868,0
0.009756399,0
2.644526e-05,0
0.013297816,0
0.23400694,0
0.0024246005,0
0.00025748913,0
0.00080635137,0
0.0006067039,0
7.951233e-05,0
0.017629312,0
0.1779589,0
0.020083493,0
2.118905e-05,0
0.058339786,0
0.09880247,0
0.0007040941,0
0.009965817,0
0.026193254,0
0.08888233,0
0.06967684,0
9.4811236e-05,0
0.000218235,0
3.7465707e-05,0
5.0671766e-05,0
0.013388206,0
0.0020835756,0
0.024449378,0
0.010047203,0
0.0111198155,0
0.014002322,0
0.00047442853,0
3.701031e-05,0
0.0051882556,0
0.02944126,0
0.51572305,0
0.0015003784,0
0.046451017,0
0.0038657293,0
0.0005114039,0
4.0420127e-05,0
0.8348668,1
0.0054661552,0
0.0001748455,0
0.035397712,1
0.0014273803,0
0.0010304399,0
2.8713686e-05,0
0.0024974986,0
0.0005719578,0
0.0530924,0
0.0007406496,0
0.00013527651,0
0.0014989674,0
0.0002861649,0
0.6898604,1
0.0013603204,0
5.574866e-05,0
6.989843e-05,0
0.0002677252,0
0.0001068085,0
0.3305706,0
0.0002961002,0
0.006525476,0
0.009781132,0
0.0005833672,0
0.001473646,0
0.0010054733,0
0.10734188,0
0.0026608836,0
0.00031046337,0
0.0030877672,0
0.00035681447,0
0.041830655,0
0.0034165338,0
0.046494007,0
0.00043632524,0
0.004135902,0
0.0018101776,0
0.0020058793,1
0.0003929025,0
0.00019528216,0
0.035434004,0
0.0034377982,0
0.0013216409,0
0.093231775,0
0.00026916023,0
0.009906895,0
0.0028970095,0
0.1325208,1
0.0012423635,0
0.0023223239,0
0.4288193,0
0.06810703,0
0.009993775,0
2.453835e-05,0
0.3688465,1
0.0011600892,0
0.00031637054,0
0.011865816,0
0.0024155304,0
0.00019560567,0
9.3725954e-05,0
0.0004046616,0
0.00012748451,0
5.9983722e-05,0
0.005697249,0
0.011273247,0
0.11906717,0
0.006304517,0
6.332194e-05,0
0.0014369375,0
0.0009572611,0
0.0028140964,0
8.782308e-05,0
0.025073452,0
0.0028726656,0
0.117211245,0
0.13383389,0
0.0021563189,0
0.0019666166,0
0.0139371725,0
0.00032783518,0
0.01798957,0
0.06818327,0
0.0437461,0
0.009350482,0
0.008533549,0
0.0004996129,0
0.1450183,0
0.0042887107,0
0.007652052,0
0.014807603,0
0.0076451036,0
0.59864366,0
0.0024419264,0
0.0002013959,0
7.7434655e-05,0
0.016033953,0
0.005253187,0
0.015914934,0
0.038231917,0
0.00080328184,0
0.012263342,0
0.00011320965,0
0.0026073137,0
0.0006076333,0
0.0005070374,0
0.92082673,1
0.8378809,1
0.0013739759,0
0.07124339,0
0.44142568,0
0.004780022,0
0.014820658,0
0.00038021719,0
3.1940814e-05,0
0.043844018,0
0.0010645046,0
0.0046988227,0
0.0005599742,0
0.00090909965,0
0.00018757283,0
3.3113527e-05,0
0.0056289225,0
0.000183429,0
0.008957651,0
0.00026324132,0
0.002609239,0
0.00020182882,0
0.00061453844,0
0.00014688661,0
0.06867921,0
0.1642727,0
0.032542776,0
0.070610225,0
0.095674604,0
0.011633832,0
0.0050674193,0
0.038529806,0
0.08906091,1
0.002268387,0
0.20105778,0
0.055018183,0
0.14332268,0
0.14456911,0
0.009906736,0
0.0008423047,0
0.036954172,0
0.00035412342,0
0.0019517926,0
0.0005841158,0
0.009677745,0
0.0005353007,0
0.35751215,1
0.00021015322,0
0.12443241,1
0.00019669528,0
0.000103542036,0
0.12057459,0
0.00038297786,0
1.4180095e-05,0
0.00093713735,0
0.009634867,0
0.0009784722,0
0.0012241103,0
0.008217039,0
0.00028020618,0
0.012722527,0
0.001273457,0
6.4749096e-05,0
0.024447354,0
4.4656324e-05,0
0.001102073,0
0.0021889242,0
0.072562866,0
0.021531902,0
0.0005439288,0
0.022103941,0
0.00035712158,0
0.017061999,0
0.00021618405,0
0.00018636858,0
8.405533e-05,0
0.0033334296,0
0.054029834,0
2.2876573e-05,0
0.0010067832,0
3.5618763e-05,0
0.0062879897,0
0.024764812,0
0.00077922427,0
0.29171503,1
0.020200344,0
0.07912267,0
0.00078034744,0
0.084499635,0
0.0030465676,0
0.008520402,0
0.00034015454,0
0.06263021,0
0.008453517,0
0.008638876,0
4.503266e-05,0
0.11963508,0
0.0059045632,0
0.003092084,0
0.00030506466,0
0.076949425,0
0.013510683,0
0.0003474614,0
2.4700754e-05,0
0.00391054,0
0.010783779,0
0.022033384,0
0.1596115,0
0.17914672,1
0.0033159144,0
0.000116202,0
5.5592314e-05,0
0.000594227,0
0.00054618355,0
0.017266015,0
0.00021336834,0
0.103410654,0
0.0007420944,0
0.01701871,0
0.0029146355,0
0.0003227582,0
0.00011252675,0
0.13518652,0
0.00027156857,0
0.37434062,1
0.008696113,0
0.013093558,0
0.06854185,0
3.3665267e-05,0
0.0034063999,0
0.27030188,1
3.222391e-05,0
2.2908493e-05,0
0.08916817,0
0.0009309931,0
0.28371996,1
0.008933289,0
0.15128201,0
0.0080870455,0
0.00011130398,0
0.025485272,0
0.31848404,1
5.0971474e-05,0
0.0020694141,0
0.0003773869,0
0.00015719655,0
7.8620615e-05,0
0.0013216372,0
0.0002649955,0
0.057829898,0
0.004240051,0
1.7878525e-05,0
3.7134047e-05,0
0.0004577176,0
2.3618139e-05,0
9.5130374e-05,0
0.22677226,0
0.0051224725,0
0.005326955,0
0.0010916413,0
0.0052016466,0
0.0071933214,0
0.0031189823,0
0.016855491,0
0.018207686,0
0.001546136,0
0.15853146,0
0.002701924,0
0.00027007356,0
0.00016736316,0
0.00010900173,0
0.07858646,0
0.084758244,1
0.00023527238,0
0.046913784,0
0.04099674,0
0.016149456,0
5.1850107e-05,0
0.6491988,1
0.0002467346,0
0.005247524,0
7.5289696e-05,0
0.011137757,0
0.005938442,0
0.0041638333,0
0.0002981625,0
0.00016267668,0
6.760204e-05,0
0.0015409352,0
0.0062305327,0
0.002464466,0
4.5063975e-05,0
0.9753706,1
0.00075703464,1
0.013805813,0
0.00041310792,0
0.030912733,0
0.04191162,0
0.0022637781,0
0.021127732,0
0.00058050436,0
0.011640233,0
0.43916783,0
0.00021888723,0
0.001525113,0
0.007026968,0
0.0047703343,0
0.00027556033,0
0.026220543,0
0.020531954,0
0.00017814845,0
0.0046501746,0
0.007728858,0
5.4006552e-05,0
0.0007290894,0
0.18064208,0
4.0385028e-05,0
0.20019694,1
0.0027305812,0
8.4371255e-05,0
0.00045816004,0
0.0012647099,0
0.00079347845,0
0.0030836978,0
0.0002851368,0
0.045959506,0
0.00062311476,0
0.037298128,0
1.1130341e-05,0
0.00078821974,0
0.048923623,0
0.0005070079,0
0.010642503,0
0.003295807,0
0.00015340376,0
0.22702736,0
0.101538934,0
0.00046230425,0
0.028927125,0
0.017351136,0
0.0033459745,0
5.3024032e-05,0
0.07061844,1
0.071325384,0
9.02446e-05,0
2.3029888e-05,0
0.65154785,1
0.048888993,1
0.00014562062,0
0.00020301464,0
0.0029858414,0
0.00023515736,0
0.003856314,0
0.0057636253,0
0.00020263618,0
0.0003252023,0
0.12882951,0
0.00045933915,0
0.0015088517,0
0.000980984,0
0.008912361,0
0.010012847,0
7.562342e-05,0
0.008169239,0
0.012625127,0
0.051072,0
0.008960805,0
2.6410906e-05,0
0.536274,0
0.00050417177,0
0.17787345,0
3.349097e-05,0
0.00013226389,0
0.0051490213,0
7.152315e-05,0
0.0021415264,0
5.6749563e-05,0
0.00018274433,0
1.4973498e-05,0
0.019315414,0
0.17933543,0
0.0032508995,0
0.008198159,0
0.008212322,0
0.17672999,1
0.39251253,0
0.03013941,0
0.15962556,1
0.00146514,0
0.034272928,0
0.058193516,0
0.08964773,0
0.02760612,0
1.0963343e-05,0
0.0045243944,0
0.0023967128,0
2.0563444e-05,0
0.00014602192,0
0.00014357152,0
0.000119348166,0
0.02730009,0
0.0036461186,0
0.45380417,1
0.00051273615,0
0.015499164,0
0.035563733,0
0.00049487205,0
0.0038954068,0
0.007918787,0
0.0009632688,0
0.0004692884,0
0.0006557247,0
0.00036626225,0
0.0002825088,0
0.09400878,0
0.0020224198,0
4.978836e-05,0
0.06060016,0
0.083539724,0
0.0039450508,0
7.4090654e-05,0
0.0045136153,0
0.04784404,0
0.00181572,0
0.17431219,0
0.0005748508,0
0.0009569105,0
0.00092436053,0
0.03264428,0
0.0012043741,0
0.01920237,0
0.00071553583,0
0.094968386,0
0.00015667416,0
0.00091502373,0
0.035847243,0
0.10381622,0
0.021882946,0
7.373288e-05,0
0.0021654582,0
0.029445415,0
0.0013116753,0
0.0006488375,0
0.0007350105,0
8.7568274e-05,0
5.9332437e-05,0
0.0035866005,0
0.0031712959,0
0.5812184,0
0.03964531,0
0.170947,1
0.00027419417,0
0.00595941,0
0.0009552363,0
0.0024381403,0
1.8295636e-05,0
5.8731282e-05,0
0.16236973,1
0.0085368045,0
0.0027601675,0
0.0001266149,0
0.00013450836,0
0.09808531,1
0.008499167,0
0.00028734817,0
0.0015770408,0
0.17278866,1
0.0049256017,0
0.0015203318,0
0.12913738,0
0.00066370616,0
0.0037006403,0
5.3564832e-05,0
0.0007360202,0
0.00018761576,0
0.0016917596,0
0.67385024,0
1.2214917e-05,0
0.0067702606,0
0.006020685,0
0.021018313,0
0.00011601754,0
0.016847117,0
0.022270212,0
0.0004576993,0
0.023131603,0
0.05008926,0
0.031870794,0
2.6664997e-05,0
0.0008008769,0
0.0007181799,0
3.3904424e-05,0
0.00024007865,0
0.284457,1
0.082683474,0
0.08241055,0
0.01351259,0
0.006563948,0
0.00089387345,0
0.0005706028,0
7.3682204e-05,0
0.057039678,0
0.00017334816,0
0.30904835,0
0.16628036,0
0.62815905,1
6.591428e-05,0
0.00029014453,0
0.0012536072,0
0.0024775679,0
0.09131271,0
0.003915389,0
0.0015296865,0
0.00015987031,0
0.00010929233,0
0.00034674528,0
0.0039552907,0
0.00027996584,0
0.00015245998,0
0.0024142151,0
0.007929595,0
0.00019898458,0
0.01683521,0
0.011131841,0
0.00017626297,0
0.00029154067,0
5.4277203e-05,0
0.0005374774,0
0.0032467088,0
0.0010549091,0
0.036904424,0
8.331303e-05,0
0.0025550202,0
9.348425e-05,0
0.79510564,1
0.0048092576,0
0.022888646,0
0.0070874863,0
7.094481e-05,0
0.000541446,0
0.009211298,0
0.020102724,0
0.0014238606,0
0.0009993179,0
0.0011186171,0
3.3989694e-05,0
8.5112355e-05,0
0.00020568357,0
0.002604093,0
0.02831998,0
0.00090378773,0
0.004092835,0
1.0388666e-05,0
0.001251666,0
6.7160996e-05,0
0.32389355,0
0.0004417321,0
0.00047976073,0
0.030390523,0
0.0005071198,0
4.3837757e-05,0
0.0001086428,0
0.0076799295,0
0.0010752062,0
0.19707389,1
0.015956037,0
0.00078090647,0
0.0067137037,0
9.4134586e-05,0
0.03001601,0
0.019042347,0
0.0027120563,0
0.0024179365,0
0.0032445986,0
0.003693739,0
0.4443997,1
0.0008459549,0
0.0010455896,0
0.011920621,0
0.0001109323,0
0.0005055182,0
0.04037572,0
0.6798752,1
0.00017621911,0
0.018417262,0
0.00074929715,0
0.002977636,0
0.0005815898,0
0.0020766677,0
0.062943354,0
0.047356766,0
0.10143184,0
2.045396e-05,0
0.010456438,0
2.5583928e-05,0
6.627948e-05,0
0.0008873335,0
0.00033923952,0
0.015437476,0
0.044707123,0
0.00045435748,0
0.008855244,0
2.8787525e-05,0
0.0005476792,0
0.00087738124,0
0.017882641,0
0.00028233888,0
0.10729583,0
0.00022792506,0
0.0017917875,0
3.0805313e-05,0
0.023408158,0
0.00076136534,0
0.00010846796,0
0.0485272,0
5.6854973e-05,0
0.10720279,0
0.00032165786,0
0.009984028,0
0.00018903811,0
0.00016767271,0
0.00017573267,0
0.07259061,0
0.0018304844,0
3.5662168e-05,0
0.029749349,0
0.025927296,0
0.0008677382,0
0.004366655,0
0.53186035,1
0.00015467471,0
0.00041836812,0
0.00038367012,0
0.0008307639,0
0.00025355665,0
0.00468234,0
0.0035359215,0
0.06801426,0
0.003288611,0
0.12019854,0
0.0022277199,0
0.0001326672,0
0.0005321408,0
0.022091934,0
0.00017291812,0
0.0017473699,0
0.015873129,0
0.03375721,0
0.00032833187,0
0.02135492,0
0.00020519011,0
0.016270103,0
0.00032745535,0
0.00085109705,0
0.0013798112,0
9.5466065e-05,0
0.0022456474,0
0.0006003335,0
0.00051149575,0
0.00025355953,0
0.0012183854,0
0.0009550419,0
0.015711812,0
0.0001904756,0
0.0003834426,0
0.0004998952,0
0.010697785,0
0.0014726914,0
0.0004925968,0
0.0019475631,0
0.0004943982,0
0.5147506,1
0.00023183603,0
8.605225e-05,0
0.0023291814,0
0.0007960265,0
0.05224359,0
1.9957168e-05,0
0.08883942,0
0.00026946556,0
0.055153847,0
3.5004556e-05,0
2.7394255e-05,0
0.00019482929,0
0.0026334843,0
0.00070003764,0
0.014124659,0
0.00021221674,0
3.1653955e-05,0
0.0006222415,0
8.776942e-05,0
0.00015365791,0
0.0027256862,0
6.816751e-05,0
0.0022361577,0
0.16264708,1
9.203838e-05,0
0.00014168197,0
0.0050277747,0
0.0003729579,0
0.0012368124,0
1.8128643e-05,0
0.0005840801,0
0.00020380983,0
0.012744295,0
0.07671349,0
0.0007104289,0
0.000432996,0
0.0092524,0
0.0026439968,0
0.0059957616,0
0.09978964,0
0.02393574,0
0.1486156,0
0.00084346975,0
0.0013156934,0
0.47966543,1
0.013358434,0
0.030745396,0
3.1888892e-05,0
0.00636523,0
0.00048185428,0
0.018905438,0
0.0004984646,0
0.0036128585,0
0.002637421,0
0.00342099,0
0.0032146962,0
0.0061903526,0
0.049849197,0
4.044797e-05,0
0.003074506,0
0.6185687,1
0.0010773927,0
0.00017806591,0
0.033480506,0
0.3800135,1
0.3343946,0
0.0005398878,0
7.236025e-05,0
0.004542995,0
0.0755911,0
0.0064250124,0
0.001495537,0
0.00038675964,0
0.00017066876,0
0.01284299,0
0.00012525365,0
0.026492024,0
0.0001888927,0
0.3302468,0
3.8346647e-05,0
0.011521224,0
0.0038878433,0
0.023054479,0
0.0008362771,0
1.22929805e-05,0
0.00018099237,0
0.034522824,0
0.00038855305,0
0.00832441,0
0.026667356,0
0.022273285,0
0.07844574,0
0.0022406678,0
0.4123126,1
0.0012524943,0
0.040328726,0
0.010088543,0
0.0057960055,0
0.12778515,0
0.0038115724,0
0.00074009196,0
0.00015959676,0
0.0010815483,0
0.037045423,0
0.0015492346,0
9.149974e-06,0
2.7698532e-05,0
0.0033495845,0
0.00036430827,0
0.005917862,0
0.0004330928,0
0.00021505026,0
0.002023891,0
0.0009352856,0
6.0635208e-05,0
0.00032282653,0
0.003897439,0
0.00069938524,0
0.00082774187,0
0.0019587174,0
0.023575014,0
0.05953683,0
0.0108166225,0
0.000107373206,0
0.0016157053,0
0.005350664,0
9.727975e-05,0
8.903846e-05,0
0.0029897627,0
0.00045785416,0
4.9573646e-05,0
0.0021479158,0
9.6871605e-05,0
0.00024643648,0
0.00020914136,0
0.049886692,0
0.00028372617,0
0.04130734,0
0.0026942424,0
0.0006987769,0
7.326602e-05,0
0.00017898563,0
0.022740876,0
1.2454857e-05,0
4.3475895e-05,0
0.0014310026,0
2.1826423e-05,0
0.0054368638,0
0.0013894994,0
0.041992914,0
5.2920524e-05,0
0.029523456,0
0.07164998,0
0.005032851,1
0.0001898698,0
0.022567118,0
0.0033713884,0
0.014318968,0
0.0057450854,0
7.0827526e-05,0
0.0022564705,0
0.039034113,0
0.0042348537,0
0.0010241806,0
0.008464159,0
0.00597734,0
0.016041448,0
4.812196e-05,0
0.012215708,0
0.00043564444,0
0.0444468,1
5.844941e-05,0
0.0053805676,0
0.00015817373,0
0.01706519,0
0.0016276388,0
0.015473458,0
0.025854891,0
0.00010636312,0
0.0003619263,0
8.935854e-05,0
0.0026208973,0
3.833568e-05,0
0.00078372663,0
0.006428017,0
2.2191198e-05,0
0.0011224926,0
8.251196e-05,0
0.09857244,0
0.00015597626,0
0.007345889,0
0.00037076938,0
0.0006019707,0
0.0023801283,0
0.0049779247,0
0.011652373,0
7.100336e-05,0
0.35867336,1
0.0016550185,0
0.0042274343,0
2.7940723e-05,0
0.000187663,0
0.00096358283,0
0.0051514814,0
0.00019113421,0
0.026252696,1
0.017119665,0
0.5556995,1
0.0032114156,0
0.0004676469,0
0.4218569,1
3.8992494e-05,0
1.5058602e-05,0
9.831039e-05,0
0.01319963,0
0.00948063,0
0.010204685,0
0.0002121785,0
0.096687384,0
0.11279047,0
0.00025008825,0
0.024914643,0
3.255068e-05,0
0.00024230883,0
0.07913836,0
8.540228e-06,0
0.000431571,0
0.00084732386,0
0.0043683634,0
0.57200253,1
0.00010205354,0
0.0037484288,0
0.019186633,0
0.008192647,0
0.009049482,0
0.86449355,1
0.001078456,0
0.02053243,0
0.047180753,0
0.0003092109,0
0.62995625,1
1.5500376e-05,0
0.10477074,1
0.013356216,0
0.031386126,0
0.131342,0
0.010751988,0
4.73296e-05,0
6.639664e-05,0
0.19613276,1
0.0013402629,0
0.052518874,0
5.169922e-05,0
0.0235905,0
0.17251424,0
0.53178537,1
0.0004903472,0
0.00028039538,0
0.0056056404,0
0.00012327521,0
0.00035066015,0
0.00047174896,0
7.042807e-05,0
6.333879e-05,0
0.005081194,0
0.001499328,0
0.010901305,0
0.00013848708,0
6.3063424e-05,0
0.03912477,0
0.016707985,0
0.0014115893,0
0.0066614463,0
0.22021276,1
0.32595208,1
0.1902286,1
0.00010695424,0
0.00010130811,0
0.0053280722,0
4.195093e-06,0
0.0012537105,0
0.00032179346,0
0.00077891693,0
0.08346953,0
2.3833583e-05,0
9.461489e-05,0
0.05686931,0
0.023733288,0
0.005655913,0
0.00018814746,0
0.00017573033,0
0.00029491834,0
0.014987002,0
0.00010998873,0
0.22447412,0
0.0021278406,0
0.0002100815,0
0.37746456,0
0.0056933872,0
0.00016349899,0
0.013552169,0
0.22629534,1
0.0032334542,0
0.00041144542,0
4.300773e-05,0
0.00061326555,0
0.0018125923,0
0.0050549284,0
8.746237e-05,0
0.00028285134,0
0.00061572215,0
0.00036358213,0
5.4921893e-05,0
0.032829408,0
0.00017141162,0
0.00040403908,0
0.0006566879,0
6.1586434e-05,0
0.10046836,1
0.01779421,0
0.0055615357,0
0.00010460939,0
0.0014320305,0
0.0014158053,0
0.3682953,1
4.231927e-05,0
0.011965039,0
0.027133964,0
0.00070176966,0
0.010782645,0
0.033279385,0
0.00049246673,0
0.14687262,0
0.00028346415,0
0.01263162,0
7.867191e-05,0
0.00064396695,0
0.0004657939,0
0.0009697894,0
0.012811418,0
0.0068116984,0
0.035858527,0
0.6034973,1
8.7868226e-05,0
0.016097602,0
0.16765611,0
0.005853644,0
0.004858985,0
0.0003188809,0
1.1639899e-05,0
0.00045350744,0
6.801524e-05,0
0.007262764,0
0.12198472,0
0.010937338,0
0.00089553365,0
0.30288023,1
0.28533348,0
0.0042673005,0
0.00017185595,0
0.013644419,0
0.0014597588,0
4.984233e-05,0
0.0010970962,0
0.0008479515,0
0.0011221595,0
4.314662e-05,0
0.01859747,0
0.014656733,0
0.12529938,0
0.00034089296,0
0.0022079833,0
0.004560062,0
9.987258e-05,0
0.00095107424,0
0.28737232,0
0.09392477,0
0.18685283,1
0.023369623,0
0.0086832475,0
0.00039494445,0
2.6998407e-05,0
0.0003126385,0
0.0015163819,0
0.05901469,0
0.008174523,0
0.0021766007,0
0.070312686,0
0.003087431,0
4.202304e-05,0
0.0021382764,0
0.0038874315,0
0.55250937,1
0.04172684,0
0.0034611432,0
0.0002376004,0
0.00036755504,0
0.027793543,0
0.010482783,0
0.0006904066,0
0.0007739326,0
0.0023672746,0
0.0018040524,0
0.02271988,1
0.00025562278,0
0.4018227,1
0.04154194,0
0.007899488,0
0.4933547,1
0.00020211287,0
0.00024709335,0
8.794267e-05,0
0.013453622,0
0.0003175212,0
0.00060839363,0
0.054748442,0
0.15354912,0
0.00029550432,0
0.007732669,0
0.8215434,1
0.04245649,0
0.06903229,0
0.002730376,0
7.793856e-05,0
0.0057136305,0
0.009338163,0
0.0015279591,0
0.011439453,0
0.7175974,0
0.27341455,0
0.035420682,0
0.10788933,0
0.0005894644,0
1.621748e-05,0
0.036957726,0
0.00058776874,0
0.0006061618,0
0.044623133,0
0.021424701,0
4.4850254e-05,0
0.0067407875,0
0.0907292,0
6.209631e-05,0
0.00042570152,0
0.00013221383,0
0.05706115,0
0.0056236056,0
0.0022906272,0
0.06278145,0
0.068002604,0
0.00012425735,0
0.3882648,0
0.2556321,0
0.0007584008,0
0.041879773,0
0.00015022309,0
0.013865754,0
0.09727954,0
0.00010134928,0
9.9232384e-05,0
6.386299e-05,0
0.026907735,0
0.00053977204,0
0.004636634,0
0.0019600312,0
0.00025345705,0
0.002719609,0
9.034507e-05,0
0.0030274105,0
0.27595833,0
0.062376548,0
3.6888145e-05,0
4.873154e-05,0
0.043662667,0
0.061680302,0
2.959108e-05,0
0.0021156792,0
0.019637724,0
5.997777e-05,0
0.0055621653,0
0.0005195559,0
9.56942e-05,0
5.6543373e-05,0
7.850471e-05,0
0.007528638,0
0.00051794446,0
1.494445e-05,0
0.00019233422,0
5.0963357e-05,0
5.8468915e-05,0
0.016605157,0
0.002944932,1
0.00039298472,0
0.0034901414,0
0.00034554923,0
0.0037774174,0
0.045101058,0
0.016473575,0
0.003428568,0
0.02187741,0
0.0021691734,0
0.00072248274,0
0.0004800874,0
0.04152498,0
0.00054565305,0
0.010523628,0
0.011389933,0
0.010598528,0
0.004652497,0
0.0011791381,0
0.007549299,0
0.0017273066,0
0.00038643146,0
0.018820455,0
0.0014757491,0
0.00015390805,0
2.7283424e-05,0
0.0037695568,0
0.005991179,0
0.00013720019,0
2.8787248e-05,0
0.004512279,0
0.009836992,0
0.019750021,0
0.06258229,0
0.00037495783,0
0.07057592,0
4.7019817e-05,0
0.015679581,0
0.004667222,0
0.000842123,0
7.87441e-06,0
0.004373906,0
0.00064844865,0
0.003011244,0
0.00058235944,0
4.7498936e-05,0
0.00035158286,0
0.00018498748,0
0.29019806,0
0.0073870993,0
0.0010954171,0
0.012917687,0
0.0013919981,0
0.0020280348,0
0.012559946,0
3.6816768e-05,0
0.0009205271,0
0.02791203,0
0.0006193353,0
0.0008634297,0
0.14090708,1
0.041138884,0
0.024948532,0
0.00045513324,0
0.0005385851,0
0.00010333016,0
0.11056013,0
0.018347828,0
0.0006703649,0
0.0029081355,0
0.031084156,0
0.00037766944,0
0.00020503916,0
0.0005458463,0
0.40822336,1
0.00020352767,0
0.0009341607,0
0.027289644,0
0.0002705279,0
0.72914666,0
0.011750103,0
0.0019071758,0
0.02130381,0
3.3262913e-05,0
0.0015766481,0
0.069691285,0
0.039430175,0
0.00086146937,0
0.0007032871,0
0.05446574,0
0.0006445085,0
2.4360614e-05,0
0.02066836,0
0.00032403338,0
0.0076540797,0
0.0033773314,1
0.003573642,1
0.1924674,0
0.00034466898,0
0.00043549144,0
0.0018947014,0
0.0047261035,0
0.00039594356,0
0.026135482,0
0.00076104474,0
0.027054206,0
7.157958e-05,0
5.6248013e-05,0
0.0013303148,0
0.105414756,0
3.0772633e-05,0
0.010759243,0
0.0038078844,0
0.15682165,0
0.37185228,0
0.0045408085,0
0.020063236,0
1.8940458e-05,0
0.006486499,0
0.0019356958,0
0.00030006314,0
0.16474387,0
0.0048751496,0
0.021792563,0
0.15090714,1
0.0005355666,0
0.8373881,1
0.00047469113,0
7.690064e-05,0
0.0022401295,0
6.35343e-05,0
0.02318137,0
0.016819993,0
0.249857,1
0.0643793,0
0.111727394,0
0.22014992,1
0.0062864847,0
0.011842546,0
0.00045394726,0
0.094886295,0
0.00049856916,0
0.042565186,0
0.0028162596,0
0.002429409,0
0.00026704275,0
0.00015744136,0
0.023596987,0
0.00044800845,0
0.011388972,0
0.0002407893,0
0.0005161156,0
2.9373829e-05,0
0.00013342599,0
0.00091431226,0
0.008318618,0
0.027078887,0
8.437762e-06,0
0.00016235792,0
0.0031392633,0
0.39663473,0
0.00034899547,0
0.001688016,0
0.00021513394,0
0.0009897952,0
5.2776944e-05,0
0.00012506222,0
0.00028983047,0
0.00013537356,0
0.05134655,0
0.006402459,0
0.0006826281,0
0.00015369864,0
0.0001658358,0
0.017551556,0
0.0007652704,0
0.11635309,0
0.25271285,0
0.0019112754,0
0.006757118,0
0.009653221,0
2.4678879e-05,0
8.842611e-05,0
0.000102232756,0
0.14392795,0
0.014551618,0
0.0007707242,0
0.08942783,0
0.0014318001,0
0.13850577,1
0.0043134284,0
0.0007178381,0
0.3188521,1
0.009352444,0
0.35732976,1
0.28890884,0
8.266427e-05,0
4.26615e-05,0
0.015647203,0
3.6788795e-05,0
0.026390309,0
0.036296435,0
0.2910613,0
2.6358446e-05,0
2.3167982e-05,0
0.0007794875,0
0.0006381262,0
0.00013869947,0
0.002287602,0
0.00048364617,0
0.000104955114,0
0.40664384,1
0.002927958,0
0.058252204,0
0.14255008,1
2.5088912e-05,0
0.0055971467,0
7.8125784e-05,0
0.0033158942,0
0.006395374,0
0.023069875,0
0.00027019926,0
0.038353987,0
0.030075157,0
0.18380348,0
0.18743676,0
0.0049110604,0
8.1376726e-05,0
0.21196234,0
0.00012444114,0
0.0002847022,0
7.84447e-05,0
7.369457e-05,0
7.202217e-05,0
0.17396593,0
0.00035484982,0
0.00043217046,0
0.00025318292,0
0.01673424,0
0.0034013884,0
0.016667338,0
0.083945744,0
0.07648631,0
0.061714385,0
0.02957329,0
0.004961567,0
0.006222684,0
0.25997168,1
0.039319,0
0.0032813495,0
0.050868366,0
0.00014306275,0
0.0077622947,0
0.0034810829,0
0.0003329142,0
0.035704393,0
0.02922464,0
0.04123711,0
0.0012945993,0
0.000638462,0
0.023334354,0
0.014987673,0
0.00014993188,0
0.03129808,0
2.3878243e-05,0
0.05221502,0
4.3618416e-05,0
0.010124971,0
0.0013195028,0
9.623144e-05,0
0.0001361016,0
3.9631104e-05,0
0.0020879891,0
7.400888e-05,0
0.006325852,0
7.235169e-05,0
0.00086833135,0
0.10145519,0
0.3734738,1
0.015679529,0
0.00012285369,0
0.0002428447,0
0.0003720456,0
0.00017285433,0
0.00028554464,0
0.04736041,0
0.00028353688,0
0.020064099,0
0.41065416,1
0.00013754323,0
0.0015710787,0
0.00016414568,0
0.0005290396,0
0.0023274105,0
0.0003729794,0
0.055071246,0
0.0010132075,0
0.00018421265,0
0.015668008,0
0.039944444,0
0.00038069862,0
0.8037711,1
0.00014442572,0
0.0003504889,0
0.0018225671,0
0.012507338,0
6.90175e-05,0
0.002843733,0
0.0017533479,0
0.046124656,0
0.033602316,0
0.055795476,0
0.00043847985,1
0.00015733647,0
0.01967853,0
0.000106707506,0
0.0003453946,0
0.0059648105,0
0.0033032272,0
0.08927693,0
0.1731608,1
0.00019904606,0
2.5365307e-05,0
0.00024709335,0
0.0005612227,0
0.0013299634,0
0.022270964,0
2.2788061e-05,0
0.00018240728,0
0.041084766,0
0.12063891,1
0.0010685831,0
0.30338672,1
5.9352646e-05,0
0.0008869835,0
0.0013930803,0
0.029462675,0
0.0015340756,0
0.9907198,1
4.634817e-05,0
0.00039442637,0
0.16356514,0
0.007071853,0
0.32726994,1
0.01692367,0
0.0014015017,0
0.022582093,0
3.9647966e-05,0
0.00029512195,0
0.114152424,0
0.00067863864,0
0.2612224,1
0.35933042,1
0.00044150176,0
0.0003852564,0
0.0013024309,0
0.01881777,0
0.0005684185,1
0.24445961,0
0.20288341,0
0.21103132,0
0.0004247635,0
0.024819918,0
4.9251248e-05,0
0.0015263705,0
8.6546264e-05,0
0.00042146037,0
0.00483214,0
0.0122827245,0
0.00012718086,0
0.00011097186,0
0.21984006,1
0.031539883,0
0.0002973438,0
0.00024365138,0
0.04668374,0
3.931446e-05,0
0.00093578204,0
0.008049471,0
0.015128896,0
0.012157383,0
8.4409636e-05,0
0.00022534974,0
0.08701584,1
0.006920774,0
0.00039971407,0
0.2757664,1
0.02440373,0
9.514407e-05,0
0.04620555,0
0.00023682213,0
0.0071867113,0
0.0009693207,0
0.16560511,0
0.0007176812,0
0.002639626,0
0.0009068845,0
0.0042577656,0
6.326068e-05,0
0.021790406,0
0.00054785673,0
0.00082512345,0
0.012690668,0
6.645263e-05,0
0.00034266975,0
0.067176096,0
0.00017319915,0
5.143083e-05,0
0.016728539,0
0.0014102733,0
0.0016135974,0
0.00031232118,0
0.00019443718,0
0.0045659468,0
0.23699374,0
0.15286769,0
4.748385e-05,0
0.00914335,0
0.00058459974,0
0.00020933848,0
0.00067005836,0
0.011258083,0
0.0068642744,0
0.04729064,0
0.0011392289,0
2.624825e-05,0
0.7819895,1
2.2668546e-05,0
0.00012633392,0
0.004018541,0
0.1332491,1
0.014683407,0
5.7281195e-05,0
0.004083564,0
0.028006138,0
9.513237e-05,0
0.0031122349,0
0.0025183223,0
0.040295955,0
0.0017634897,0
0.00022821994,0
0.0003273389,0
0.5086253,1
0.019944068,0
0.029705154,0
2.2253014e-05,0
9.246406e-05,0
0.026956802,0
9.3882416e-05,0
0.09259709,1
0.02776114,0
0.0014232559,0
0.00053028687,0
0.0146341,0
0.0003297592,0
0.0027232685,0
0.0017681968,0
0.01065248,0
0.20785768,0
5.7232817e-05,0
5.352822e-05,0
0.0025598467,0
0.0006418331,1
0.011750568,0
0.8499017,0
0.00019272762,0
0.028584057,0
5.613912e-05,0
0.00015746405,0
0.05254193,0
5.729917e-05,0
0.007873454,0
0.00023175291,0
0.029503873,0
0.0002946547,0
0.40526333,1
8.333021e-06,0
0.00045939395,0
2.1665803e-05,0
0.0040611615,0
2.3219342e-05,0
0.00014988113,0
0.40977296,1
0.010471951,0
0.0030063519,0
5.147922e-05,0
0.0011213922,0
5.1980314e-05,0
3.128626e-05,0
0.00303392,0
0.0006428987,0
5.286434e-05,0
0.0061506014,0
0.431677,0
0.010139912,0
0.00049525406,0
0.00034852035,0
2.3167851e-05,0
0.00030534746,0
0.00012320187,0
0.01151744,0
0.00044142245,0
0.0041987835,0
0.049308658,0
0.00029276093,0
0.002818999,0
0.45196164,1
0.2549052,1
0.0010521614,0
0.03789685,0
0.0019735827,0
0.008807246,0
0.0013931805,0
0.00042126336,0
0.00048721235,0
0.024860479,0
0.0060686893,0
0.00024975656,0
6.9044494e-05,0
0.03666038,0
0.0006925341,0
0.08658922,1
0.0042324658,0
0.00043679276,0
0.0010108777,0
0.0007798096,0
0.00049519667,0
0.0007211428,0
0.0012802168,0
0.064264216,0
0.10094478,0
0.0024582527,0
0.19813879,0
0.008514523,0
0.08822157,0
0.0016402877,0
0.00027218836,0
0.00018382822,0
0.07342613,0
0.0051536644,0
3.2662436e-05,0
0.00012632343,0
0.031313784,0
0.46124518,0
0.12810269,1
1.2818952e-05,0
0.00058417453,0
0.010843,0
0.00018265688,0
0.008851751,0
0.00039347055,0
0.06318717,0
0.00014526698,0
9.579061e-05,0
0.6485433,1
0.71646756,1
0.0039736,0
8.1194026e-05,0
0.0054665566,0
0.00039034907,0
0.21858735,0
0.002689493,0
0.026576167,0
0.03260451,0
0.0015377217,0
0.0006904046,0
0.18048537,0
0.0017217891,0
2.7614426e-05,0
0.15869066,0
0.0015434759,0
0.039905395,0
0.005187872,0
0.011749588,0
0.19181164,0
0.0109184645,0
0.056315687,0
0.00018386186,0
0.0015288995,0
4.1699128e-05,0
2.8285065e-05,0
5.267955e-05,0
0.047391776,0
0.010982824,0
2.6066728e-05,0
0.009173201,0
0.0004482408,0
0.016775396,0
0.12199149,0
0.00013383068,0
0.0019482364,0
0.0001811766,0
4.4136632e-05,0
7.023491e-05,0
0.35778454,1
0.0021388736,0
0.0013539052,0
0.54181415,1
0.019653143,0
0.0009867733,0
0.004083087,0
0.001272456,0
0.0002790909,0
0.0001962427,0
0.008380247,0
0.47773966,0
0.0002609536,0
0.0022523582,0
0.00030568303,0
0.099400245,0
0.032045476,0
0.014256748,0
0.0020955817,0
0.077662356,0
0.00011566462,0
0.033501457,0
0.15287882,0
0.00018041326,0
0.005522813,0
0.00015566574,0
0.11888803,1
0.09233797,0
0.003922587,0
5.5631772e-05,0
0.00014355907,0
0.0002928243,0
0.0012772742,0
0.090266526,0
0.086845435,0
0.00037354056,0
2.8161472e-05,0
0.017103905,0
0.060747877,0
0.3547243,1
0.000101084726,0
9.569227e-05,0
0.00055104715,0
0.0001706279,0
0.001755494,0
1.2578964e-05,0
0.006100837,0
0.0033846756,0
0.00030089822,0
6.0790317e-05,0
0.00641734,0
0.011950255,0
0.14507455,0
0.0019524847,0
5.6991823e-05,0
0.0070039122,0
0.00012640718,0
0.97675806,1
0.021053866,0
0.0045924224,0
0.00020163973,0
0.0001487274,0
0.021620503,0
0.00019506183,0
0.0016741507,0
0.010759207,0
0.024151439,0
0.84067947,1
0.22041355,1
0.01607748,0
0.008386403,0
0.02374775,0
0.0058681224,0
0.010867059,0
0.0001821301,0
0.14464551,0
0.1747411,0
0.11191428,0
0.269547,0
0.0001846484,0
0.15249026,1
0.0006591182,0
0.001903071,0
0.0015357252,0
0.19660394,0
0.0006653259,0
0.0015851846,0
0.03514314,0
0.25974372,1
3.7709306e-05,0
0.0020430856,0
0.001142196,0
0.0019190474,0
0.01761962,0
0.006296549,0
0.045548882,0
0.16971867,1
0.0104433475,0
0.08861294,0
0.00092442654,0
0.00011246026,0
0.00018040086,0
0.07250703,0
3.0310533e-05,0
0.0058590774,0
0.021337584,0
0.03450404,0
0.0023921635,0
0.00010796716,0
0.0015538433,0
0.000105747524,0
7.145559e-05,0
0.0037122776,0
0.005890781,0
0.00038341698,0
4.6249446e-05,0
0.00036680614,0
3.1126958e-05,0
0.0013788851,0
0.0011613934,0
0.00013388722,0
0.0014362618,0
0.07342919,0
0.074616715,1
0.00016103766,0
0.13963893,1
0.011024197,0
0.00023107576,0
6.7925335e-05,0
0.4611663,0
0.000773014,0
0.0001941689,0
0.0050374684,0
0.011319366,0
0.00011702297,0
0.0048823142,0
0.00638942,0
0.00013368261,0
5.9496746e-05,0
0.5433773,1
0.00033937037,0
0.009725027,0
0.17358257,0
8.584006e-05,0
0.019229762,0
0.12313219,0
0.00011148754,0
0.008915836,0
0.006216319,0
0.0006812828,0
0.00038691473,0
0.1278277,0
0.027656034,0
0.00011007141,0
0.05225129,0
0.0004851184,0
0.00042365128,0
0.009165352,0
0.0036367176,0
0.0010413517,0
0.12250876,0
0.034250975,0
0.0004210863,0
0.0028491563,0
0.00020314458,0
0.020896966,0
0.00016561756,0
9.479053e-05,0
0.048363853,0
0.004172009,1
4.6684145e-05,0
0.0042424453,0
0.0020960364,0
0.00024030812,0
0.0001257172,0
6.569778e-05,0
0.010468345,0
0.034840435,0
9.8169585e-05,0
0.001023604,0
0.0052322657,0
0.008382648,0
0.01241662,0
6.233291e-05,0
0.000997417,0
0.00409573,0
0.0013031954,0
0.00017148518,0
0.012900098,0
4.4850767e-05,0
0.0043412233,0
9.843197e-05,0
7.296189e-05,0
0.00014235351,0
0.00023290457,0
0.0007215978,0
0.0034268785,0
0.00018506934,0
0.036687747,0
0.012286375,1
0.008639921,0
3.6003094e-05,0
0.0005918361,0
0.0035828638,0
0.009649179,0
0.00010145477,0
0.004038375,0
0.1480271,0
0.00033186912,0
8.299892e-05,0
0.0007191046,0
0.00061912666,0
0.0020066146,0
0.00028538838,0
0.0009739497,0
0.00015555207,0
0.0016574006,0
0.013876432,0
6.0699076e-05,0
0.0005045557,0
4.5566547e-05,0
0.00054566684,0
0.034250934,0
0.0025487465,0
0.00026519867,0
0.013957777,0
0.12329668,0
0.021078492,0
0.003528706,0
8.153261e-05,0
0.012357394,0
0.37949064,0
0.01588681,0
0.00043663147,0
0.00015538945,0
0.00013191701,0
0.00045569125,0
0.026132705,0
0.00042705296,0
0.049076285,1
0.5432635,1
0.059604358,0
0.014318477,0
0.00022261198,0
0.08854786,0
0.015302186,0
0.014198606,0
9.025526e-05,0
0.00013224977,0
0.00018812304,0
0.00018588461,0
0.17016949,1
0.0003518305,0
5.1679355e-05,0
0.011256485,0
0.00015816528,0
0.1294922,0
0.0023489,0
0.84963423,1
0.0006664901,0
0.06708138,0
0.034665156,0
0.019519206,0
6.0495036e-05,0
0.00011729591,0
0.025736248,0
0.001479995,0
0.00025382804,0
0.00055565283,0
9.3146286e-05,0
0.012650493,0
0.023503179,0
0.0014245781,0
0.008088988,0
4.402956e-05,0
0.056626458,0
0.011463857,0
8.999314e-05,0
0.0006813542,0
0.018388715,0
0.008745232,0
0.0004538266,0
5.2802166e-05,0
0.00014246514,0
0.00016231566,0
0.1277319,0
0.0004361782,0
0.021922356,0
0.00014038544,0
0.00020358745,0
0.000704835,0
0.009069644,0
0.00070215366,0
0.0060721063,0
0.058128342,0
5.686381e-05,0
0.0011457142,0
0.0089144,0
0.00018608286,0
0.18207227,0
5.3259177e-05,0
0.0002937784,0
2.2807608e-05,0
0.0025993686,0
0.17137416,0
0.00011708603,0
0.00046496434,0
0.0035380507,0
0.10050898,0
0.006796328,0
0.0020048306,0
0.3540055,0
7.6006305e-05,0
1.3326428e-05,0
0.0053486438,0
0.01978368,0
0.017985502,0
0.02382884,0
0.0013716585,0
0.00013365418,0
0.026201546,0
0.07627084,0
0.0003618047,0
0.002198146,0
0.0014784955,0
0.0059345006,0
0.00097259396,0
0.0020235856,0
4.3329546e-06,0
0.2197643,0
0.003106078,0
0.00028284165,0
0.00028963655,0
0.23561911,1
0.0011033787,0
0.043596264,0
0.069636695,1
0.0007484101,0
0.04531859,0
0.018282166,0
0.0055202763,0
0.09404605,0
0.0014899088,0
0.08668455,0
0.055476744,0
0.025713474,0
0.00060620916,0
0.00022854896,0
0.31819665,0
0.0002555387,0
0.018541614,0
0.0010005235,0
0.0037479196,0
0.05653585,0
0.0073454375,0
4.600733e-05,0
7.4064324e-06,0
0.0005889657,0
1.2420341e-05,0
8.228e-05,0
0.0026804898,0
0.00018283044,0
0.00936376,0
0.00088836806,0
0.004527471,0
0.29534954,1
0.009988411,0
0.004921621,0
0.0010201912,0
0.0003669165,0
0.00027712746,0
0.00019156186,0
0.00013295037,0
0.00040810267,0
0.27398458,0
0.0007896602,0
0.00012518463,0
0.00049064687,0
0.048407033,0
8.822833e-06,0
0.0007085966,0
0.000106397005,0
0.00036574164,0
0.055992156,0
0.0064728786,0
0.7268713,1
9.8178665e-05,0
8.4425345e-05,0
0.00013765648,0
0.025069868,0
0.002010035,0
0.09487626,0
0.0005091592,0
4.1068957e-05,0
2.3252891e-05,0
0.006846413,0
0.0020621212,0
0.03968838,0
0.17552178,0
0.08167856,0
0.0006657848,0
0.00015729462,0
0.00015339059,0
0.0003637577,0
0.0071609206,0
0.0077157994,0
0.0007151773,0
0.018235158,0
0.06413545,0
0.00010863886,0
0.007956637,0
1.6795771e-05,0
0.0001627378,0
4.812981e-05,0
4.452994e-05,0
0.01778952,0
0.5095267,1
0.0010595234,0
0.09584638,0
0.0064400607,0
0.0011175616,0
0.0001413143,0
0.099739306,0
0.029508917,0
0.099521965,0
0.018679878,0
0.45572472,0
0.0010347308,0
0.0011992331,0
2.3304392e-05,0
0.018555615,0
0.00040343462,0
4.983087e-05,0
0.0069445483,0
0.0001273488,0
0.00017872096,0
0.016688231,0
0.11462345,1
5.126924e-05,0
0.00035111257,0
0.004672147,0
0.00722462,0
0.0023764737,0
0.0016459037,0
0.00044315043,0
0.0004489684,0
0.00010927159,0
0.0005383303,0
0.0062443833,0
0.13235034,0
0.04376678,0
0.010984722,0
8.364228e-05,0
0.04248473,0
0.0015081814,0
0.06984299,0
0.0011357708,0
0.17455895,0
0.051487,0
0.004691536,0
0.003117719,0
7.286976e-05,0
0.12859787,0
0.56759715,1
0.0019454706,0
0.06236692,0
0.00012053649,0
0.00010006448,0
0.013893229,0
0.008083099,0
0.00052857207,0
0.00020154864,0
0.4640139,1
0.003096497,0
0.020507377,0
0.115875274,0
0.010685861,0
3.8831775e-05,0
0.0023228189,0
0.17822234,1
0.009917405,0
0.0104390355,0
6.667378e-05,0
0.001755504,0
0.0072995294,0
0.017421992,0
0.02385403,0
3.3178298e-05,0
1.1567075e-05,0
0.0034106697,0
0.0019737,0
0.00029486828,0
0.0018585048,0
0.00034824616,0
0.000191668,0
0.00014460334,0
0.00091544585,0
0.00040870145,0
0.0021725087,0
0.0007321851,0
0.0006250586,0
0.019200426,0
0.00017518709,0
0.001562781,0
0.19023775,0
0.00093862956,0
0.0019914925,0
0.0006516175,0
0.001229523,0
0.009187537,0
9.045403e-05,0
2.178535e-05,0
0.03984337,0
2.708841e-05,0
0.0009860656,0
8.1452345e-05,0
0.00027570725,0
3.8975577e-05,0
0.00038467106,0
0.001215905,0
0.5012772,1
1.896354e-05,0
0.01313273,0
0.0014626399,0
0.14490534,0
0.0021143619,0
0.0040567648,0
0.00046526917,0
0.000112321366,0
0.0015117532,0
4.4686825e-05,0
0.0010425161,0
0.00015574487,0
0.0061780405,0
0.037159614,0
0.00063449604,0
0.00019626535,0
0.0018861191,0
0.058446486,0
0.08998553,0
8.053879e-05,0
4.279344e-05,0
0.0074750143,0
0.013135388,0
0.15547575,1
0.22874434,1
0.0031099205,0
0.008345804,0
0.00019609586,0
0.16749234,0
0.00013481989,0
6.898598e-05,0
0.0001351061,0
0.31266236,0
0.00048640603,0
0.0022811724,0
0.0005379351,0
0.0037802856,0
6.0837057e-05,0
0.023343116,0
0.011884448,0
0.013522203,0
0.08057238,0
0.27753606,1
7.699618e-06,0
0.0001818823,0
0.00066943566,0
0.00018758695,0
8.368743e-05,0
0.0018259292,0
0.047960535,0
0.004032457,0
0.02263167,0
0.00029430067,0
0.0008954808,0
0.14104277,0
0.00026215307,0
0.9931013,1
0.0015595654,0
0.0001684851,0
0.0026447915,0
0.10780988,0
0.0005062126,0
5.5793764e-05,0
0.09857637,0
0.038696587,0
0.0057261675,0
0.011530612,0
0.0011545407,0
5.9525297e-05,0
0.0010001103,0
0.000934718,0
0.00023342676,0
0.0003500446,0
0.0009886826,0
0.04330328,0
0.3697467,1
0.0034433405,0
0.00023787557,0
0.0025411318,0
2.4063911e-05,0
0.047178153,0
0.0017649486,0
0.0063168337,0
0.00034170982,0
0.000490674,0
0.005235875,0
0.006646113,0
0.0005796178,0
0.00041387836,0
3.112129e-05,0
0.0013282722,0
4.646035e-05,0
4.8985337e-05,0
0.003641038,0
0.002290672,0
0.11431205,0
1.8754878e-05,0
0.00035870294,0
0.00043565113,0
0.020253187,0
0.01677527,0
0.0015773216,0
0.048123937,0
0.0010484384,0
0.0031535476,0
0.0014699901,0
0.00014802029,0
0.010291735,0
0.04161673,0
0.118699856,0
0.06471391,1
0.00015378263,0
0.034807153,0
0.33008346,1
0.010719876,0
0.09043441,0
0.12631032,0
0.003302361,0
0.0010759676,0
0.00028880133,0
0.00012832215,0
0.00027701043,0
0.034743626,0
2.070781e-05,0
0.005286369,0
0.00094014715,0
0.06815131,1
0.0001320872,0
0.0027531649,0
8.935095e-05,0
0.015575896,0
0.00015959129,0
0.00050793955,0
0.0003657244,0
0.3239622,0
0.0040146476,0
0.0021590178,0
0.0015158708,0
0.010539967,0
0.003613444,0
0.098245524,0
0.29047817,0
1.0940835e-05,0
2.8897904e-05,0
0.003897987,0
0.069125935,0
0.00032349047,0
0.040185243,0
0.00010845348,0
0.010889382,0
0.0008897738,0
0.000251041,0
0.0025700552,0
0.0001561608,0
0.007092317,0
0.33075693,1
3.550485e-05,0
8.4513944e-05,0
0.06861476,0
0.01892056,0
0.009976122,0
4.7052163e-05,0
0.00012459751,0
0.047050867,0
0.0077928663,0
0.009505173,0
7.012442e-05,0
0.0006875005,0
0.0039229947,0
3.068847e-05,0
0.00013028874,0
0.0002006262,0
0.7944446,1
0.00013341008,0
0.09345778,0
0.0022033385,0
0.0009601452,0
4.3881926e-05,0
0.01215673,0
0.0055949315,0
0.06695189,0
0.0034313484,0
0.0009134241,0
0.15772176,0
0.009716351,0
0.012712224,0
0.061163753,1
9.748822e-05,0
0.00035071882,0
0.00068125577,0
0.006869107,0
1.8716944e-05,0
0.00016061994,0
0.00596795,0
0.00077221,0
0.0098892115,0
0.00019570529,0
0.010322875,0
0.00032333322,0
0.0005072743,0
0.0017409803,0
0.007068386,0
0.003190925,0
0.00015014275,0
0.009197977,0
9.680355e-05,0
0.12204438,0
0.0047516357,0
0.016376143,0
0.013919347,0
0.0066454015,0
0.0004898412,0
0.3103493,1
0.0015423239,0
0.077960946,1
3.1152675e-05,0
6.430311e-05,0
0.0021583245,0
0.017460603,0
0.07111757,0
0.00014584255,0
0.0008559757,0
3.474985e-05,0
0.041115295,0
0.00023237355,0
0.0003681221,0
0.008356755,0
1.534831e-05,0
0.06113857,0
0.00010952549,0
0.0003235759,0
0.00014970759,0
0.3607076,1
0.020258859,0
1.913702e-05,0
0.0014256801,0
0.0022226456,0
0.0010931831,0
0.003032338,0
0.010810914,0
0.00028747038,0
0.000382691,0
0.07736873,0
0.00096090295,0
4.122985e-05,0
0.006655296,0
0.00038534697,0
0.0013137677,0
0.00037854604,0
0.000215729,0
0.010508291,0
0.005211556,0
0.1619512,0
0.00021097275,0
3.237935e-05,0
6.0537455e-05,0
0.13914193,0
1.1617353e-05,0
0.00015131613,0
0.0050875135,0
0.0007044037,0
0.0007815187,0
0.0003184003,0
0.0009864391,0
0.030637018,0
0.00016879337,0
0.00036478718,0
0.0008743734,0
0.0010557605,0
0.0003821205,0
1.54687e-05,0
4.8702506e-05,0
0.036856584,0
0.65604925,1
0.00040683208,0
0.01470228,0
8.328238e-05,0
0.0005159786,0
0.1496944,0
0.03842777,0
0.00389758,0
0.010928948,0
0.008914227,0
0.00065773074,0
5.30472e-05,0
0.029182592,0
0.083521806,0
0.17071903,0
1.8908859e-05,0
8.4994426e-05,0
0.00027509598,0
0.00059702265,0
0.00022848707,0
0.00010449543,0
0.00036161227,0
0.00022791809,0
0.00020817506,0
0.0024181574,0
0.0011403229,0
0.00022612262,0
0.024125865,0
0.07963199,0
0.0006337201,0
0.0025961378,0
0.0016369995,0
3.0225523e-05,0
0.027358318,0
0.005644975,0
3.602645e-05,0
0.014468121,0
0.0005056445,0
0.014958245,0
0.00041419725,0
0.0012769215,0
0.0058235475,0
0.0018003826,0
0.0010949314,0
0.0062582786,0
0.17168622,0
0.5373131,1
0.04005341,0
0.0011661412,0
0.00021798418,0
9.7023214e-05,0
0.011438482,0
0.0535672,0
0.0035732992,0
0.010110316,0
0.030416034,0
0.008230358,0
0.0001244377,0
0.021178475,0
0.029939553,0
0.004251162,0
0.4042313,0
0.0001112014,0
8.6803804e-05,0
0.0002549189,0
0.0005776261,0
0.00057130645,0
0.00041420906,0
0.0005901173,0
4.6258487e-05,0
0.0002862061,0
0.0036779183,0
0.0014041475,0
0.06704025,0
0.001566445,0
0.00028401086,0
0.010730196,0
0.55915993,1
0.0002730367,0
0.00032323334,0
4.8916478e-05,0
0.0021007075,0
0.018411886,0
0.00017113677,0
0.00015478315,0
0.00023220236,0
0.00054308283,0
0.25446197,0
2.1677006e-05,0
1.3129599e-05,0
0.00022433593,0
0.00054032874,0
0.0007802095,0
0.0012981694,0
8.058378e-06,0
0.23545659,0
0.0014376292,0
0.2008375,1
0.00031218634,0
0.003960396,0
0.06890008,0
0.018322667,0
0.028931798,0
0.005755134,0
0.00047880632,0
0.804859,1
0.37291858,0
0.0042792773,0
0.24699421,0
0.00038613577,0
0.00014869818,0
0.0010747218,0
4.687128e-05,0
0.063788466,0
0.0003479135,0
5.844723e-05,0
0.00036663152,0
0.08060387,0
0.0013221992,0
0.029766373,0
0.08010955,0
0.0007652591,0
0.0007441165,0
0.00012530513,0
0.0003495329,0
9.950859e-05,0
0.00029394202,0
0.015135932,0
0.03772888,0
0.031039514,0
0.013651512,0
0.024371823,0
0.016876934,0
0.0022683612,0
0.60626304,1
0.00913606,0
0.0003242763,0
0.00031198937,0
5.405679e-05,0
3.9003127e-05,0
0.00079248816,0
0.0018810943,0
9.897863e-05,0
0.00047467323,0
0.000120626406,0
0.009400273,0
0.12315402,1
0.15459238,0
0.01149268,0
3.3854765e-05,0
0.007239461,0
0.00090640504,0
0.023083774,0
0.014278169,0
0.00012565943,0
0.12067893,0
0.00013882213,0
0.5466617,1
0.002741805,0
0.00064657413,0
0.004786446,0
0.5268205,1
0.00058695447,0
0.30229822,1
0.00034966486,0
0.00044414194,0
0.00019514705,0
3.6911897e-05,0
6.0111648e-05,0
0.021166854,0
0.15865923,0
0.00028861224,0
0.041416984,0
0.009232864,0
0.07031414,0
0.0018031484,0
0.0019645484,0
0.021819348,0
3.582575e-05,0
0.012872434,0
0.0016431864,0
0.11068491,0
0.00018218724,0
0.015155221,0
7.830605e-05,0
0.006089119,0
0.011373515,0
0.040079415,0
0.00016635463,0
0.01047771,0
0.046435606,0
0.0029085155,0
0.0027561684,0
0.0020485958,0
7.233196e-05,0
0.010002992,0
0.0017361093,0
0.00043037182,0
0.0003576045,0
0.0010215723,0
0.042765785,1
0.0051035043,0
0.00012438075,0
0.023589456,0
0.002706013,0
5.992546e-05,0
0.019431641,0
0.001292538,0
3.6009584e-05,0
0.022445524,0
8.8430745e-05,0
0.010829466,0
0.009427281,0
0.0013639677,0
0.0063653947,0
0.3428098,0
8.282714e-05,0
0.0017320827,0
0.0012876512,0
0.14332615,0
0.009570214,0
0.011837772,0
0.0019749356,0
2.5964388e-05,0
0.2815023,0
0.0060057957,0
4.6759535e-05,0
2.329895e-05,0
0.0017017095,0
0.005403931,0
0.00055599323,0
2.990786e-05,0
0.00019722809,0
0.35707808,0
0.00012424632,0
0.04283538,0
0.0010781402,0
0.00074432715,0
0.11877362,0
0.0127453385,0
7.501164e-05,0
0.078086644,0
0.010662758,0
0.00011638752,0
0.03568129,0
0.00595474,0
0.004857671,0
0.00021422758,0
8.852498e-05,0
0.30120453,0
0.0001283902,0
0.03089819,0
0.00100555,0
0.037694003,0
0.00026437594,0
0.036465485,0
0.00017436151,0
0.078112975,1
0.011455727,0
0.020233935,0
0.002582267,0
0.024783487,0
0.05895676,0
0.0608087,0
0.0074337046,0
0.033512767,0
0.030579058,0
0.0544244,1
3.2514105e-05,0
0.00033858686,0
0.00043390048,0
0.026373053,0
